[
    {
        "id": 1,
        "image": "./assets/img/our-clients/de-laxston.png",
        "alt": "Visione Clients"
    },
    {
        "id": 2,
        "image": "./assets/img/our-clients/amira.png",
        "alt": "Visione Clients"
    },
    {
        "id": 3,
        "image": "./assets/img/our-clients/the-cube.png",
        "alt": "Visione Clients"
    },
    {
        "id": 4,
        "image": "./assets/img/our-clients/viva.png",
        "alt": "Visione Clients"
    },
    {
        "id": 5,
        "image": "./assets/img/our-clients/braling.png",
        "alt": "Visione Clients"
    },
    {
        "id": 6,
        "image": "./assets/img/our-clients/asemka.png",
        "alt": "Visione Clients"
    },
    {
        "id": 7,
        "image": "./assets/img/our-clients/smart-aviation.png",
        "alt": "Visione Clients"
    },
    {
        "id": 8,
        "image": "./assets/img/our-clients/jasa-marga.png",
        "alt": "Visione Clients"
    },
    {
        "id": 10,
        "image": "./assets/img/our-clients/intracs.png",
        "alt": "Visione Clients"
    },
    {
        "id": 11,
        "image": "./assets/img/our-clients/oen.png",
        "alt": "Visione Clients"
    },
    {
        "id": 12,
        "image": "./assets/img/our-clients/ifars.png",
        "alt": "Visione Clients"
    },
    {
        "id": 13,
        "image": "./assets/img/our-clients/hi-lab.png",
        "alt": "Visione Clients"
    },
    {
        "id": 14,
        "image": "./assets/img/our-clients/batik.png",
        "alt": "Visione Clients"
    },
    {
        "id": 15,
        "image": "./assets/img/our-clients/ray-white.png",
        "alt": "Visione Clients"
    },
    {
        "id": 17,
        "image": "./assets/img/our-clients/k24.png",
        "alt": "Visione Clients"
    }
]