[
    {
        "id": 1,
        "image": "./assets/img/industries/hotel.webp",
        "alt": "Visione Industries",
        "title": "Travel & Hospitality",
        "url": "../visione/industries/travel-hospitality-industries.html"
    },
    {
        "id": 2,
        "image": "./assets/img/industries/building.jpeg",
        "alt": "Visione Industries",
        "title": "Building & Property",
        "url": "../visione/industries/building-property-industries.html"
    },
    {
        "id": 3,
        "image": "./assets/img/industries/aviation.jpg",
        "alt": "Visione Industries",
        "title": "Aviation",
        "url": "../visione/industries/aviation-industries.html"
    },
    {
        "id": 4,
        "image": "./assets/img/industries/logistic.png",
        "alt": "Visione Industries",
        "title": "Logistic",
        "url": "../visione/industries/logistic-industries.html"
    },
    {
        "id": 5,
        "image": "./assets/img/industries/tol.jpg",
        "alt": "Visione Industries",
        "title": "Toll Road",
        "url": "../visione/industries/toll-road-industries.html"
    },
    {
        "id": 6,
        "image": "./assets/img/industries/custom-erp.png",
        "alt": "Visione Industries",
        "title": "Custom ERP",
        "url": "../visione/industries/custom-erp-industries.html"
    }
]