[
    {
        "id": 1,
        "image": "./assets/img/industries/hotel.webp",
        "alt": "Visione Industries",
        "title": "Travel & Hospitality",
        "url": "./industries/travel-hospitality-industries.html"
    },
    {
        "id": 2,
        "image": "./assets/img/industries/building.webp",
        "alt": "Visione Industries",
        "title": "Building & Property",
        "url": "./industries/building-property-industries.html"
    },
    {
        "id": 3,
        "image": "./assets/img/industries/aviation.webp",
        "alt": "Visione Industries",
        "title": "Aviation",
        "url": "./industries/aviation-industries.html"
    },
    {
        "id": 4,
        "image": "./assets/img/industries/logistic.webp",
        "alt": "Visione Industries",
        "title": "Logistic",
        "url": "./industries/logistic-industries.html"
    },
    {
        "id": 5,
        "image": "./assets/img/industries/tol.webp",
        "alt": "Visione Industries",
        "title": "Toll Road",
        "url": "./industries/toll-road-industries.html"
    },
    {
        "id": 6,
        "image": "./assets/img/industries/custom-erp.webp",
        "alt": "Visione Industries",
        "title": "Enterprises",
        "url": "./industries/custom-erp-industries.html"
    }
]