[
    {
        "id": 1,
        "image": "./assets/img/our-solutions/recom.webp",
        "logo": "./assets/img/our-solutions/recom-logo.png",
        "alt": "Visione Solutions",
        "title": "Enterprise Asset Management",
        "industries": "Hotel - Property",
        "url": "./our-solutions/recom-asset-tracking.html"
    },
    {
        "id": 2,
        "image": "./assets/img/our-solutions/smart-linen.webp",
        "logo": "./assets/img/our-solutions/rfid-logo.png",
        "alt": "Visione Solutions",
        "title": "RFID - Driven Efficiency",
        "industries": "Hotel - Logistic - Museum - Transportation",
        "url": "./our-solutions/rfid-driven-efficiency.html"
    },
    {
        "id": 3,
        "image": "./assets/img/our-solutions/approval.webp",
        "logo": "./assets/img/our-solutions/workflow-logo.png",
        "alt": "Visione Solutions",
        "title": "Enterprise Paperless Workflow Approval",
        "industries": "Medium - Large Enterprise",
        "url": "./our-solutions/workflow.html"
    },
    {
        "id": 4,
        "image": "./assets/img/our-solutions/crm.webp",
        "logo": "./assets/img/our-solutions/fullbook.png",
        "alt": "Visione Solutions",
        "title": "Hotellier CRM - Loyalty",
        "industries": "Hotel Chain",
        "url": "./our-solutions/loyalty-platform.html"
    },
    {
        "id": 5,
        "image": "./assets/img/our-solutions/selfq.webp",
        "logo": "./assets/img/our-solutions/selfq-logo.png",
        "alt": "Visione Solutions",
        "title": "Redefining Hotel Smart Check-In",
        "industries": "Hotel",
        "url": "./assets/brochure/self-q.pdf"
    },
    {
        "id": 6,
        "image": "./assets/img/our-solutions/be.webp",
        "logo": "./assets/img/our-solutions/super-app.png",
        "alt": "Visione Solutions",
        "title": "Enterprise-Grade Hotel Booking Booking Engine",
        "industries": "Hotel Chain",
        "url": ""
    }
    
]